from,to,weight
News Online Today,Kronos Star,43
News Online Today,Homeland Illumination,39
News Online Today,Centrum Sentinel,36
News Online Today,Tethys News,35
News Online Today,Modern Rubicon,29
News Online Today,The Abila Post,28
News Online Today,The Truth,6
News Online Today,Worldwise,5
News Online Today,The Guide,4
News Online Today,International News,3
International News,News Online Today,2
News Online Today,International Times,1
Central Bulletin,The Abila Post,1
The Truth,News Online Today,1
